ID,Name,Domain,Location,Group,Topic,Metadata
carbon_Ddioxide__indoor__ada-point_ppm_second_50,Ada,Carbon Dioxide,Ada,Carbon Dioxide,haas/sensor/config/sensor/anode/carbon_Ddioxide__indoor__ada-point_ppm_second_50/config,"{""unit_of_measurement"": ""ppm"", ""qos"": 1, ""name"": ""Ada"", ""value_template"": ""{{value_json.value}}"", ""state_topic"": ""haas/sensor/state/sensor/anode/carbon_Ddioxide__indoor__ada-point_ppm_second_50/state"", ""device"": {""identifiers"": [""Carbon Dioxide"", ""Ada"", ""Carbon Dioxide""]}, ""unique_id"": ""carbon_Ddioxide__indoor__ada-point_ppm_second_50""}"
carbon_Ddioxide__indoor__dining-point_ppm_second_50,Dining,Carbon Dioxide,Dining,Carbon Dioxide,haas/sensor/config/sensor/anode/carbon_Ddioxide__indoor__dining-point_ppm_second_50/config,"{""unit_of_measurement"": ""ppm"", ""qos"": 1, ""name"": ""Dining"", ""value_template"": ""{{value_json.value}}"", ""state_topic"": ""haas/sensor/state/sensor/anode/carbon_Ddioxide__indoor__dining-point_ppm_second_50/state"", ""device"": {""identifiers"": [""Carbon Dioxide"", ""Dining"", ""Carbon Dioxide""]}, ""unique_id"": ""carbon_Ddioxide__indoor__dining-point_ppm_second_50""}"
carbon_Ddioxide__indoor__edwin-point_ppm_second_50,Edwin,Carbon Dioxide,Edwin,Carbon Dioxide,haas/sensor/config/sensor/anode/carbon_Ddioxide__indoor__edwin-point_ppm_second_50/config,"{""unit_of_measurement"": ""ppm"", ""qos"": 1, ""name"": ""Edwin"", ""value_template"": ""{{value_json.value}}"", ""state_topic"": ""haas/sensor/state/sensor/anode/carbon_Ddioxide__indoor__edwin-point_ppm_second_50/state"", ""device"": {""identifiers"": [""Carbon Dioxide"", ""Edwin"", ""Carbon Dioxide""]}, ""unique_id"": ""carbon_Ddioxide__indoor__edwin-point_ppm_second_50""}"
carbon_Ddioxide__indoor__kitchen-point_ppm_second_50,Kitchen,Carbon Dioxide,Kitchen,Carbon Dioxide,haas/sensor/config/sensor/anode/carbon_Ddioxide__indoor__kitchen-point_ppm_second_50/config,"{""unit_of_measurement"": ""ppm"", ""qos"": 1, ""name"": ""Kitchen"", ""value_template"": ""{{value_json.value}}"", ""state_topic"": ""haas/sensor/state/sensor/anode/carbon_Ddioxide__indoor__kitchen-point_ppm_second_50/state"", ""device"": {""identifiers"": [""Carbon Dioxide"", ""Kitchen"", ""Carbon Dioxide""]}, ""unique_id"": ""carbon_Ddioxide__indoor__kitchen-point_ppm_second_50""}"
carbon_Ddioxide__indoor__laundry-point_ppm_second_50,Laundry,Carbon Dioxide,Laundry,Carbon Dioxide,haas/sensor/config/sensor/anode/carbon_Ddioxide__indoor__laundry-point_ppm_second_50/config,"{""unit_of_measurement"": ""ppm"", ""qos"": 1, ""name"": ""Laundry"", ""value_template"": ""{{value_json.value}}"", ""state_topic"": ""haas/sensor/state/sensor/anode/carbon_Ddioxide__indoor__laundry-point_ppm_second_50/state"", ""device"": {""identifiers"": [""Carbon Dioxide"", ""Laundry"", ""Carbon Dioxide""]}, ""unique_id"": ""carbon_Ddioxide__indoor__laundry-point_ppm_second_50""}"
carbon_Ddioxide__indoor__lounge-point_ppm_second_50,Lounge,Carbon Dioxide,Lounge,Carbon Dioxide,haas/sensor/config/sensor/anode/carbon_Ddioxide__indoor__lounge-point_ppm_second_50/config,"{""unit_of_measurement"": ""ppm"", ""qos"": 1, ""name"": ""Lounge"", ""value_template"": ""{{value_json.value}}"", ""state_topic"": ""haas/sensor/state/sensor/anode/carbon_Ddioxide__indoor__lounge-point_ppm_second_50/state"", ""device"": {""identifiers"": [""Carbon Dioxide"", ""Lounge"", ""Carbon Dioxide""]}, ""unique_id"": ""carbon_Ddioxide__indoor__lounge-point_ppm_second_50""}"
carbon_Ddioxide__indoor__office-point_ppm_second_50,Office,Carbon Dioxide,Office,Carbon Dioxide,haas/sensor/config/sensor/anode/carbon_Ddioxide__indoor__office-point_ppm_second_50/config,"{""unit_of_measurement"": ""ppm"", ""qos"": 1, ""name"": ""Office"", ""value_template"": ""{{value_json.value}}"", ""state_topic"": ""haas/sensor/state/sensor/anode/carbon_Ddioxide__indoor__office-point_ppm_second_50/state"", ""device"": {""identifiers"": [""Carbon Dioxide"", ""Office"", ""Carbon Dioxide""]}, ""unique_id"": ""carbon_Ddioxide__indoor__office-point_ppm_second_50""}"
carbon_Ddioxide__indoor__pantry-point_ppm_second_50,Pantry,Carbon Dioxide,Pantry,Carbon Dioxide,haas/sensor/config/sensor/anode/carbon_Ddioxide__indoor__pantry-point_ppm_second_50/config,"{""unit_of_measurement"": ""ppm"", ""qos"": 1, ""name"": ""Pantry"", ""value_template"": ""{{value_json.value}}"", ""state_topic"": ""haas/sensor/state/sensor/anode/carbon_Ddioxide__indoor__pantry-point_ppm_second_50/state"", ""device"": {""identifiers"": [""Carbon Dioxide"", ""Pantry"", ""Carbon Dioxide""]}, ""unique_id"": ""carbon_Ddioxide__indoor__pantry-point_ppm_second_50""}"
carbon_Ddioxide__indoor__parents-point_ppm_second_50,Parents,Carbon Dioxide,Parents,Carbon Dioxide,haas/sensor/config/sensor/anode/carbon_Ddioxide__indoor__parents-point_ppm_second_50/config,"{""unit_of_measurement"": ""ppm"", ""qos"": 1, ""name"": ""Parents"", ""value_template"": ""{{value_json.value}}"", ""state_topic"": ""haas/sensor/state/sensor/anode/carbon_Ddioxide__indoor__parents-point_ppm_second_50/state"", ""device"": {""identifiers"": [""Carbon Dioxide"", ""Parents"", ""Carbon Dioxide""]}, ""unique_id"": ""carbon_Ddioxide__indoor__parents-point_ppm_second_50""}"
cloud__outdoor__base-point_m_second_2,Base,Cloud,Home,Cloud,haas/sensor/config/sensor/anode/cloud__outdoor__base-point_m_second_2/config,"{""unit_of_measurement"": ""m"", ""qos"": 1, ""name"": ""Base"", ""value_template"": ""{{value_json.value}}"", ""state_topic"": ""haas/sensor/state/sensor/anode/cloud__outdoor__base-point_m_second_2/state"", ""device"": {""identifiers"": [""Cloud"", ""Home"", ""Cloud""]}, ""unique_id"": ""cloud__outdoor__base-point_m_second_2""}"
dew_Dpoint__indoor__shed-point__PC2_PB0C_second_2,Shed,Dew Point,Shed,Dew Point,haas/sensor/config/sensor/anode/dew_Dpoint__indoor__shed-point__PC2_PB0C_second_2/config,"{""unit_of_measurement"": ""°C"", ""qos"": 1, ""name"": ""Shed"", ""value_template"": ""{{value_json.value}}"", ""state_topic"": ""haas/sensor/state/sensor/anode/dew_Dpoint__indoor__shed-point__PC2_PB0C_second_2/state"", ""device"": {""identifiers"": [""Dew Point"", ""Shed"", ""Dew Point""]}, ""unique_id"": ""dew_Dpoint__indoor__shed-point__PC2_PB0C_second_2""}"
dew_Dpoint__outdoor__roof-point__PC2_PB0C_second_2,Roof,Dew Point,Roof,Dew Point,haas/sensor/config/sensor/anode/dew_Dpoint__outdoor__roof-point__PC2_PB0C_second_2/config,"{""unit_of_measurement"": ""°C"", ""qos"": 1, ""name"": ""Roof"", ""value_template"": ""{{value_json.value}}"", ""state_topic"": ""haas/sensor/state/sensor/anode/dew_Dpoint__outdoor__roof-point__PC2_PB0C_second_2/state"", ""device"": {""identifiers"": [""Dew Point"", ""Roof"", ""Dew Point""]}, ""unique_id"": ""dew_Dpoint__outdoor__roof-point__PC2_PB0C_second_2""}"
download__internet__london-point_MB_P2Fs_hour_4,London,Download,Home,Download,haas/sensor/config/sensor/anode/download__internet__london-point_MB_P2Fs_hour_4/config,"{""unit_of_measurement"": ""MB/s"", ""qos"": 1, ""name"": ""London"", ""value_template"": ""{{value_json.value}}"", ""state_topic"": ""haas/sensor/state/sensor/anode/download__internet__london-point_MB_P2Fs_hour_4/state"", ""device"": {""identifiers"": [""Download"", ""Home"", ""Download""]}, ""unique_id"": ""download__internet__london-point_MB_P2Fs_hour_4""}"
download__internet__new_Dyork_Dcity-point_MB_P2Fs_hour_4,New York City,Download,Home,Download,haas/sensor/config/sensor/anode/download__internet__new_Dyork_Dcity-point_MB_P2Fs_hour_4/config,"{""unit_of_measurement"": ""MB/s"", ""qos"": 1, ""name"": ""New York City"", ""value_template"": ""{{value_json.value}}"", ""state_topic"": ""haas/sensor/state/sensor/anode/download__internet__new_Dyork_Dcity-point_MB_P2Fs_hour_4/state"", ""device"": {""identifiers"": [""Download"", ""Home"", ""Download""]}, ""unique_id"": ""download__internet__new_Dyork_Dcity-point_MB_P2Fs_hour_4""}"
download__internet__perth-point_MB_P2Fs_hour_4,Perth,Download,Home,Download,haas/sensor/config/sensor/anode/download__internet__perth-point_MB_P2Fs_hour_4/config,"{""unit_of_measurement"": ""MB/s"", ""qos"": 1, ""name"": ""Perth"", ""value_template"": ""{{value_json.value}}"", ""state_topic"": ""haas/sensor/state/sensor/anode/download__internet__perth-point_MB_P2Fs_hour_4/state"", ""device"": {""identifiers"": [""Download"", ""Home"", ""Download""]}, ""unique_id"": ""download__internet__perth-point_MB_P2Fs_hour_4""}"
energy__consumption__adhoc-integral_Wh_all_Dtime_1,Adhoc,Energy,Home,Energy,haas/sensor/config/sensor/anode/energy__consumption__adhoc-integral_Wh_all_Dtime_1/config,"{""unit_of_measurement"": ""Wh"", ""qos"": 1, ""name"": ""Adhoc"", ""value_template"": ""{{value_json.value}}"", ""state_topic"": ""haas/sensor/state/sensor/anode/energy__consumption__adhoc-integral_Wh_all_Dtime_1/state"", ""device"": {""identifiers"": [""Energy"", ""Home"", ""Energy""]}, ""unique_id"": ""energy__consumption__adhoc-integral_Wh_all_Dtime_1""}"
energy__consumption__adhoc-integral_Wh_day_1,Adhoc,Energy,Home,Energy,haas/sensor/config/sensor/anode/energy__consumption__adhoc-integral_Wh_day_1/config,"{""unit_of_measurement"": ""Wh"", ""qos"": 1, ""name"": ""Adhoc"", ""value_template"": ""{{value_json.value}}"", ""state_topic"": ""haas/sensor/state/sensor/anode/energy__consumption__adhoc-integral_Wh_day_1/state"", ""device"": {""identifiers"": [""Energy"", ""Home"", ""Energy""]}, ""unique_id"": ""energy__consumption__adhoc-integral_Wh_day_1""}"
energy__consumption__bathroom_Dlights-integral_Wh_all_Dtime_1,Bathroom Lights,Energy,Home,Energy,haas/sensor/config/sensor/anode/energy__consumption__bathroom_Dlights-integral_Wh_all_Dtime_1/config,"{""unit_of_measurement"": ""Wh"", ""qos"": 1, ""name"": ""Bathroom Lights"", ""value_template"": ""{{value_json.value}}"", ""state_topic"": ""haas/sensor/state/sensor/anode/energy__consumption__bathroom_Dlights-integral_Wh_all_Dtime_1/state"", ""device"": {""identifiers"": [""Energy"", ""Home"", ""Energy""]}, ""unique_id"": ""energy__consumption__bathroom_Dlights-integral_Wh_all_Dtime_1""}"
energy__consumption__bathroom_Dlights-integral_mWh_day_1,Bathroom Lights,Energy,Home,Energy,haas/sensor/config/sensor/anode/energy__consumption__bathroom_Dlights-integral_mWh_day_1/config,"{""unit_of_measurement"": ""mWh"", ""qos"": 1, ""name"": ""Bathroom Lights"", ""value_template"": ""{{value_json.value}}"", ""state_topic"": ""haas/sensor/state/sensor/anode/energy__consumption__bathroom_Dlights-integral_mWh_day_1/state"", ""device"": {""identifiers"": [""Energy"", ""Home"", ""Energy""]}, ""unique_id"": ""energy__consumption__bathroom_Dlights-integral_mWh_day_1""}"
energy__consumption__booster-integral_Wh_all_Dtime_1,Booster,Energy,Home,Energy,haas/sensor/config/sensor/anode/energy__consumption__booster-integral_Wh_all_Dtime_1/config,"{""unit_of_measurement"": ""Wh"", ""qos"": 1, ""name"": ""Booster"", ""value_template"": ""{{value_json.value}}"", ""state_topic"": ""haas/sensor/state/sensor/anode/energy__consumption__booster-integral_Wh_all_Dtime_1/state"", ""device"": {""identifiers"": [""Energy"", ""Home"", ""Energy""]}, ""unique_id"": ""energy__consumption__booster-integral_Wh_all_Dtime_1""}"
energy__consumption__booster-integral_Wh_day_1,Booster,Energy,Home,Energy,haas/sensor/config/sensor/anode/energy__consumption__booster-integral_Wh_day_1/config,"{""unit_of_measurement"": ""Wh"", ""qos"": 1, ""name"": ""Booster"", ""value_template"": ""{{value_json.value}}"", ""state_topic"": ""haas/sensor/state/sensor/anode/energy__consumption__booster-integral_Wh_day_1/state"", ""device"": {""identifiers"": [""Energy"", ""Home"", ""Energy""]}, ""unique_id"": ""energy__consumption__booster-integral_Wh_day_1""}"
energy__consumption__dining_Dlights-integral_Wh_all_Dtime_1,Dining Lights,Energy,Dining,Energy,haas/sensor/config/sensor/anode/energy__consumption__dining_Dlights-integral_Wh_all_Dtime_1/config,"{""unit_of_measurement"": ""Wh"", ""qos"": 1, ""name"": ""Dining Lights"", ""value_template"": ""{{value_json.value}}"", ""state_topic"": ""haas/sensor/state/sensor/anode/energy__consumption__dining_Dlights-integral_Wh_all_Dtime_1/state"", ""device"": {""identifiers"": [""Energy"", ""Dining"", ""Energy""]}, ""unique_id"": ""energy__consumption__dining_Dlights-integral_Wh_all_Dtime_1""}"
energy__consumption__dining_Dlights-integral_mWh_day_1,Dining Lights,Energy,Dining,Energy,haas/sensor/config/sensor/anode/energy__consumption__dining_Dlights-integral_mWh_day_1/config,"{""unit_of_measurement"": ""mWh"", ""qos"": 1, ""name"": ""Dining Lights"", ""value_template"": ""{{value_json.value}}"", ""state_topic"": ""haas/sensor/state/sensor/anode/energy__consumption__dining_Dlights-integral_mWh_day_1/state"", ""device"": {""identifiers"": [""Energy"", ""Dining"", ""Energy""]}, ""unique_id"": ""energy__consumption__dining_Dlights-integral_mWh_day_1""}"
energy__consumption__ensuite_Dlights-integral_Wh_all_Dtime_1,Ensuite Lights,Energy,Home,Energy,haas/sensor/config/sensor/anode/energy__consumption__ensuite_Dlights-integral_Wh_all_Dtime_1/config,"{""unit_of_measurement"": ""Wh"", ""qos"": 1, ""name"": ""Ensuite Lights"", ""value_template"": ""{{value_json.value}}"", ""state_topic"": ""haas/sensor/state/sensor/anode/energy__consumption__ensuite_Dlights-integral_Wh_all_Dtime_1/state"", ""device"": {""identifiers"": [""Energy"", ""Home"", ""Energy""]}, ""unique_id"": ""energy__consumption__ensuite_Dlights-integral_Wh_all_Dtime_1""}"
energy__consumption__ensuite_Dlights-integral_mWh_day_1,Ensuite Lights,Energy,Home,Energy,haas/sensor/config/sensor/anode/energy__consumption__ensuite_Dlights-integral_mWh_day_1/config,"{""unit_of_measurement"": ""mWh"", ""qos"": 1, ""name"": ""Ensuite Lights"", ""value_template"": ""{{value_json.value}}"", ""state_topic"": ""haas/sensor/state/sensor/anode/energy__consumption__ensuite_Dlights-integral_mWh_day_1/state"", ""device"": {""identifiers"": [""Energy"", ""Home"", ""Energy""]}, ""unique_id"": ""energy__consumption__ensuite_Dlights-integral_mWh_day_1""}"
energy__consumption__fan-integral_Wh_all_Dtime_1,Fan,Energy,Home,Energy,haas/sensor/config/sensor/anode/energy__consumption__fan-integral_Wh_all_Dtime_1/config,"{""unit_of_measurement"": ""Wh"", ""qos"": 1, ""name"": ""Fan"", ""value_template"": ""{{value_json.value}}"", ""state_topic"": ""haas/sensor/state/sensor/anode/energy__consumption__fan-integral_Wh_all_Dtime_1/state"", ""device"": {""identifiers"": [""Energy"", ""Home"", ""Energy""]}, ""unique_id"": ""energy__consumption__fan-integral_Wh_all_Dtime_1""}"
energy__consumption__fan-integral_Wh_day_1,Fan,Energy,Home,Energy,haas/sensor/config/sensor/anode/energy__consumption__fan-integral_Wh_day_1/config,"{""unit_of_measurement"": ""Wh"", ""qos"": 1, ""name"": ""Fan"", ""value_template"": ""{{value_json.value}}"", ""state_topic"": ""haas/sensor/state/sensor/anode/energy__consumption__fan-integral_Wh_day_1/state"", ""device"": {""identifiers"": [""Energy"", ""Home"", ""Energy""]}, ""unique_id"": ""energy__consumption__fan-integral_Wh_day_1""}"
energy__consumption__filter-integral_Wh_all_Dtime_1,Filter,Energy,Home,Energy,haas/sensor/config/sensor/anode/energy__consumption__filter-integral_Wh_all_Dtime_1/config,"{""unit_of_measurement"": ""Wh"", ""qos"": 1, ""name"": ""Filter"", ""value_template"": ""{{value_json.value}}"", ""state_topic"": ""haas/sensor/state/sensor/anode/energy__consumption__filter-integral_Wh_all_Dtime_1/state"", ""device"": {""identifiers"": [""Energy"", ""Home"", ""Energy""]}, ""unique_id"": ""energy__consumption__filter-integral_Wh_all_Dtime_1""}"
energy__consumption__filter-integral_Wh_day_1,Filter,Energy,Home,Energy,haas/sensor/config/sensor/anode/energy__consumption__filter-integral_Wh_day_1/config,"{""unit_of_measurement"": ""Wh"", ""qos"": 1, ""name"": ""Filter"", ""value_template"": ""{{value_json.value}}"", ""state_topic"": ""haas/sensor/state/sensor/anode/energy__consumption__filter-integral_Wh_day_1/state"", ""device"": {""identifiers"": [""Energy"", ""Home"", ""Energy""]}, ""unique_id"": ""energy__consumption__filter-integral_Wh_day_1""}"
energy__consumption__freezer-integral_Wh_all_Dtime_1,Freezer,Energy,Home,Energy,haas/sensor/config/sensor/anode/energy__consumption__freezer-integral_Wh_all_Dtime_1/config,"{""unit_of_measurement"": ""Wh"", ""qos"": 1, ""name"": ""Freezer"", ""value_template"": ""{{value_json.value}}"", ""state_topic"": ""haas/sensor/state/sensor/anode/energy__consumption__freezer-integral_Wh_all_Dtime_1/state"", ""device"": {""identifiers"": [""Energy"", ""Home"", ""Energy""]}, ""unique_id"": ""energy__consumption__freezer-integral_Wh_all_Dtime_1""}"
energy__consumption__freezer-integral_Wh_day_1,Freezer,Energy,Home,Energy,haas/sensor/config/sensor/anode/energy__consumption__freezer-integral_Wh_day_1/config,"{""unit_of_measurement"": ""Wh"", ""qos"": 1, ""name"": ""Freezer"", ""value_template"": ""{{value_json.value}}"", ""state_topic"": ""haas/sensor/state/sensor/anode/energy__consumption__freezer-integral_Wh_day_1/state"", ""device"": {""identifiers"": [""Energy"", ""Home"", ""Energy""]}, ""unique_id"": ""energy__consumption__freezer-integral_Wh_day_1""}"
energy__consumption__hallway_Dlights-integral_Wh_all_Dtime_1,Hallway Lights,Energy,Home,Energy,haas/sensor/config/sensor/anode/energy__consumption__hallway_Dlights-integral_Wh_all_Dtime_1/config,"{""unit_of_measurement"": ""Wh"", ""qos"": 1, ""name"": ""Hallway Lights"", ""value_template"": ""{{value_json.value}}"", ""state_topic"": ""haas/sensor/state/sensor/anode/energy__consumption__hallway_Dlights-integral_Wh_all_Dtime_1/state"", ""device"": {""identifiers"": [""Energy"", ""Home"", ""Energy""]}, ""unique_id"": ""energy__consumption__hallway_Dlights-integral_Wh_all_Dtime_1""}"
energy__consumption__hallway_Dlights-integral_mWh_day_1,Hallway Lights,Energy,Home,Energy,haas/sensor/config/sensor/anode/energy__consumption__hallway_Dlights-integral_mWh_day_1/config,"{""unit_of_measurement"": ""mWh"", ""qos"": 1, ""name"": ""Hallway Lights"", ""value_template"": ""{{value_json.value}}"", ""state_topic"": ""haas/sensor/state/sensor/anode/energy__consumption__hallway_Dlights-integral_mWh_day_1/state"", ""device"": {""identifiers"": [""Energy"", ""Home"", ""Energy""]}, ""unique_id"": ""energy__consumption__hallway_Dlights-integral_mWh_day_1""}"
energy__consumption__kitchen_Dlights-integral_Wh_all_Dtime_1,Kitchen Lights,Energy,Kitchen,Energy,haas/sensor/config/sensor/anode/energy__consumption__kitchen_Dlights-integral_Wh_all_Dtime_1/config,"{""unit_of_measurement"": ""Wh"", ""qos"": 1, ""name"": ""Kitchen Lights"", ""value_template"": ""{{value_json.value}}"", ""state_topic"": ""haas/sensor/state/sensor/anode/energy__consumption__kitchen_Dlights-integral_Wh_all_Dtime_1/state"", ""device"": {""identifiers"": [""Energy"", ""Kitchen"", ""Energy""]}, ""unique_id"": ""energy__consumption__kitchen_Dlights-integral_Wh_all_Dtime_1""}"
energy__consumption__kitchen_Dlights-integral_mWh_day_1,Kitchen Lights,Energy,Kitchen,Energy,haas/sensor/config/sensor/anode/energy__consumption__kitchen_Dlights-integral_mWh_day_1/config,"{""unit_of_measurement"": ""mWh"", ""qos"": 1, ""name"": ""Kitchen Lights"", ""value_template"": ""{{value_json.value}}"", ""state_topic"": ""haas/sensor/state/sensor/anode/energy__consumption__kitchen_Dlights-integral_mWh_day_1/state"", ""device"": {""identifiers"": [""Energy"", ""Kitchen"", ""Energy""]}, ""unique_id"": ""energy__consumption__kitchen_Dlights-integral_mWh_day_1""}"
energy__consumption__lamp_Dlights-integral_Wh_all_Dtime_1,Lamp Lights,Energy,Home,Energy,haas/sensor/config/sensor/anode/energy__consumption__lamp_Dlights-integral_Wh_all_Dtime_1/config,"{""unit_of_measurement"": ""Wh"", ""qos"": 1, ""name"": ""Lamp Lights"", ""value_template"": ""{{value_json.value}}"", ""state_topic"": ""haas/sensor/state/sensor/anode/energy__consumption__lamp_Dlights-integral_Wh_all_Dtime_1/state"", ""device"": {""identifiers"": [""Energy"", ""Home"", ""Energy""]}, ""unique_id"": ""energy__consumption__lamp_Dlights-integral_Wh_all_Dtime_1""}"
energy__consumption__lamp_Dlights-integral_mWh_day_1,Lamp Lights,Energy,Home,Energy,haas/sensor/config/sensor/anode/energy__consumption__lamp_Dlights-integral_mWh_day_1/config,"{""unit_of_measurement"": ""mWh"", ""qos"": 1, ""name"": ""Lamp Lights"", ""value_template"": ""{{value_json.value}}"", ""state_topic"": ""haas/sensor/state/sensor/anode/energy__consumption__lamp_Dlights-integral_mWh_day_1/state"", ""device"": {""identifiers"": [""Energy"", ""Home"", ""Energy""]}, ""unique_id"": ""energy__consumption__lamp_Dlights-integral_mWh_day_1""}"
energy__consumption__laundry_Dlights-integral_Wh_all_Dtime_1,Laundry Lights,Energy,Laundry,Energy,haas/sensor/config/sensor/anode/energy__consumption__laundry_Dlights-integral_Wh_all_Dtime_1/config,"{""unit_of_measurement"": ""Wh"", ""qos"": 1, ""name"": ""Laundry Lights"", ""value_template"": ""{{value_json.value}}"", ""state_topic"": ""haas/sensor/state/sensor/anode/energy__consumption__laundry_Dlights-integral_Wh_all_Dtime_1/state"", ""device"": {""identifiers"": [""Energy"", ""Laundry"", ""Energy""]}, ""unique_id"": ""energy__consumption__laundry_Dlights-integral_Wh_all_Dtime_1""}"
energy__consumption__laundry_Dlights-integral_mWh_day_1,Laundry Lights,Energy,Laundry,Energy,haas/sensor/config/sensor/anode/energy__consumption__laundry_Dlights-integral_mWh_day_1/config,"{""unit_of_measurement"": ""mWh"", ""qos"": 1, ""name"": ""Laundry Lights"", ""value_template"": ""{{value_json.value}}"", ""state_topic"": ""haas/sensor/state/sensor/anode/energy__consumption__laundry_Dlights-integral_mWh_day_1/state"", ""device"": {""identifiers"": [""Energy"", ""Laundry"", ""Energy""]}, ""unique_id"": ""energy__consumption__laundry_Dlights-integral_mWh_day_1""}"
energy__consumption__lounge_Dlights-integral_Wh_all_Dtime_1,Lounge Lights,Energy,Lounge,Energy,haas/sensor/config/sensor/anode/energy__consumption__lounge_Dlights-integral_Wh_all_Dtime_1/config,"{""unit_of_measurement"": ""Wh"", ""qos"": 1, ""name"": ""Lounge Lights"", ""value_template"": ""{{value_json.value}}"", ""state_topic"": ""haas/sensor/state/sensor/anode/energy__consumption__lounge_Dlights-integral_Wh_all_Dtime_1/state"", ""device"": {""identifiers"": [""Energy"", ""Lounge"", ""Energy""]}, ""unique_id"": ""energy__consumption__lounge_Dlights-integral_Wh_all_Dtime_1""}"
energy__consumption__lounge_Dlights-integral_mWh_day_1,Lounge Lights,Energy,Lounge,Energy,haas/sensor/config/sensor/anode/energy__consumption__lounge_Dlights-integral_mWh_day_1/config,"{""unit_of_measurement"": ""mWh"", ""qos"": 1, ""name"": ""Lounge Lights"", ""value_template"": ""{{value_json.value}}"", ""state_topic"": ""haas/sensor/state/sensor/anode/energy__consumption__lounge_Dlights-integral_mWh_day_1/state"", ""device"": {""identifiers"": [""Energy"", ""Lounge"", ""Energy""]}, ""unique_id"": ""energy__consumption__lounge_Dlights-integral_mWh_day_1""}"
energy__consumption__office_Dlights-integral_Wh_all_Dtime_1,Office Lights,Energy,Office,Energy,haas/sensor/config/sensor/anode/energy__consumption__office_Dlights-integral_Wh_all_Dtime_1/config,"{""unit_of_measurement"": ""Wh"", ""qos"": 1, ""name"": ""Office Lights"", ""value_template"": ""{{value_json.value}}"", ""state_topic"": ""haas/sensor/state/sensor/anode/energy__consumption__office_Dlights-integral_Wh_all_Dtime_1/state"", ""device"": {""identifiers"": [""Energy"", ""Office"", ""Energy""]}, ""unique_id"": ""energy__consumption__office_Dlights-integral_Wh_all_Dtime_1""}"
energy__consumption__office_Dlights-integral_mWh_day_1,Office Lights,Energy,Office,Energy,haas/sensor/config/sensor/anode/energy__consumption__office_Dlights-integral_mWh_day_1/config,"{""unit_of_measurement"": ""mWh"", ""qos"": 1, ""name"": ""Office Lights"", ""value_template"": ""{{value_json.value}}"", ""state_topic"": ""haas/sensor/state/sensor/anode/energy__consumption__office_Dlights-integral_mWh_day_1/state"", ""device"": {""identifiers"": [""Energy"", ""Office"", ""Energy""]}, ""unique_id"": ""energy__consumption__office_Dlights-integral_mWh_day_1""}"
energy__consumption__pantry_Dlights-integral_Wh_all_Dtime_1,Pantry Lights,Energy,Pantry,Energy,haas/sensor/config/sensor/anode/energy__consumption__pantry_Dlights-integral_Wh_all_Dtime_1/config,"{""unit_of_measurement"": ""Wh"", ""qos"": 1, ""name"": ""Pantry Lights"", ""value_template"": ""{{value_json.value}}"", ""state_topic"": ""haas/sensor/state/sensor/anode/energy__consumption__pantry_Dlights-integral_Wh_all_Dtime_1/state"", ""device"": {""identifiers"": [""Energy"", ""Pantry"", ""Energy""]}, ""unique_id"": ""energy__consumption__pantry_Dlights-integral_Wh_all_Dtime_1""}"
energy__consumption__pantry_Dlights-integral_mWh_day_1,Pantry Lights,Energy,Pantry,Energy,haas/sensor/config/sensor/anode/energy__consumption__pantry_Dlights-integral_mWh_day_1/config,"{""unit_of_measurement"": ""mWh"", ""qos"": 1, ""name"": ""Pantry Lights"", ""value_template"": ""{{value_json.value}}"", ""state_topic"": ""haas/sensor/state/sensor/anode/energy__consumption__pantry_Dlights-integral_mWh_day_1/state"", ""device"": {""identifiers"": [""Energy"", ""Pantry"", ""Energy""]}, ""unique_id"": ""energy__consumption__pantry_Dlights-integral_mWh_day_1""}"
energy__consumption__parents_Dlights-integral_Wh_all_Dtime_1,Parents Lights,Energy,Parents,Energy,haas/sensor/config/sensor/anode/energy__consumption__parents_Dlights-integral_Wh_all_Dtime_1/config,"{""unit_of_measurement"": ""Wh"", ""qos"": 1, ""name"": ""Parents Lights"", ""value_template"": ""{{value_json.value}}"", ""state_topic"": ""haas/sensor/state/sensor/anode/energy__consumption__parents_Dlights-integral_Wh_all_Dtime_1/state"", ""device"": {""identifiers"": [""Energy"", ""Parents"", ""Energy""]}, ""unique_id"": ""energy__consumption__parents_Dlights-integral_Wh_all_Dtime_1""}"
energy__consumption__parents_Dlights-integral_mWh_day_1,Parents Lights,Energy,Parents,Energy,haas/sensor/config/sensor/anode/energy__consumption__parents_Dlights-integral_mWh_day_1/config,"{""unit_of_measurement"": ""mWh"", ""qos"": 1, ""name"": ""Parents Lights"", ""value_template"": ""{{value_json.value}}"", ""state_topic"": ""haas/sensor/state/sensor/anode/energy__consumption__parents_Dlights-integral_mWh_day_1/state"", ""device"": {""identifiers"": [""Energy"", ""Parents"", ""Energy""]}, ""unique_id"": ""energy__consumption__parents_Dlights-integral_mWh_day_1""}"
energy__consumption__servers-integral_Wh_all_Dtime_1,Servers,Energy,Home,Energy,haas/sensor/config/sensor/anode/energy__consumption__servers-integral_Wh_all_Dtime_1/config,"{""unit_of_measurement"": ""Wh"", ""qos"": 1, ""name"": ""Servers"", ""value_template"": ""{{value_json.value}}"", ""state_topic"": ""haas/sensor/state/sensor/anode/energy__consumption__servers-integral_Wh_all_Dtime_1/state"", ""device"": {""identifiers"": [""Energy"", ""Home"", ""Energy""]}, ""unique_id"": ""energy__consumption__servers-integral_Wh_all_Dtime_1""}"
energy__consumption__servers-integral_Wh_day_1,Servers,Energy,Home,Energy,haas/sensor/config/sensor/anode/energy__consumption__servers-integral_Wh_day_1/config,"{""unit_of_measurement"": ""Wh"", ""qos"": 1, ""name"": ""Servers"", ""value_template"": ""{{value_json.value}}"", ""state_topic"": ""haas/sensor/state/sensor/anode/energy__consumption__servers-integral_Wh_day_1/state"", ""device"": {""identifiers"": [""Energy"", ""Home"", ""Energy""]}, ""unique_id"": ""energy__consumption__servers-integral_Wh_day_1""}"
energy__consumption__wardrobe_Dlights-integral_Wh_all_Dtime_1,Wardrobe Lights,Energy,Home,Energy,haas/sensor/config/sensor/anode/energy__consumption__wardrobe_Dlights-integral_Wh_all_Dtime_1/config,"{""unit_of_measurement"": ""Wh"", ""qos"": 1, ""name"": ""Wardrobe Lights"", ""value_template"": ""{{value_json.value}}"", ""state_topic"": ""haas/sensor/state/sensor/anode/energy__consumption__wardrobe_Dlights-integral_Wh_all_Dtime_1/state"", ""device"": {""identifiers"": [""Energy"", ""Home"", ""Energy""]}, ""unique_id"": ""energy__consumption__wardrobe_Dlights-integral_Wh_all_Dtime_1""}"
energy__consumption__wardrobe_Dlights-integral_mWh_day_1,Wardrobe Lights,Energy,Home,Energy,haas/sensor/config/sensor/anode/energy__consumption__wardrobe_Dlights-integral_mWh_day_1/config,"{""unit_of_measurement"": ""mWh"", ""qos"": 1, ""name"": ""Wardrobe Lights"", ""value_template"": ""{{value_json.value}}"", ""state_topic"": ""haas/sensor/state/sensor/anode/energy__consumption__wardrobe_Dlights-integral_mWh_day_1/state"", ""device"": {""identifiers"": [""Energy"", ""Home"", ""Energy""]}, ""unique_id"": ""energy__consumption__wardrobe_Dlights-integral_mWh_day_1""}"
health_Dindex__indoor__ada-point_scalar_second_50,Ada,Health Index,Ada,Health Index,haas/sensor/config/sensor/anode/health_Dindex__indoor__ada-point_scalar_second_50/config,"{""unit_of_measurement"": ""scalar"", ""qos"": 1, ""name"": ""Ada"", ""value_template"": ""{{value_json.value}}"", ""state_topic"": ""haas/sensor/state/sensor/anode/health_Dindex__indoor__ada-point_scalar_second_50/state"", ""device"": {""identifiers"": [""Health Index"", ""Ada"", ""Health Index""]}, ""unique_id"": ""health_Dindex__indoor__ada-point_scalar_second_50""}"
health_Dindex__indoor__edwin-point_scalar_second_50,Edwin,Health Index,Edwin,Health Index,haas/sensor/config/sensor/anode/health_Dindex__indoor__edwin-point_scalar_second_50/config,"{""unit_of_measurement"": ""scalar"", ""qos"": 1, ""name"": ""Edwin"", ""value_template"": ""{{value_json.value}}"", ""state_topic"": ""haas/sensor/state/sensor/anode/health_Dindex__indoor__edwin-point_scalar_second_50/state"", ""device"": {""identifiers"": [""Health Index"", ""Edwin"", ""Health Index""]}, ""unique_id"": ""health_Dindex__indoor__edwin-point_scalar_second_50""}"
health_Dindex__indoor__laundry-point_scalar_second_50,Laundry,Health Index,Laundry,Health Index,haas/sensor/config/sensor/anode/health_Dindex__indoor__laundry-point_scalar_second_50/config,"{""unit_of_measurement"": ""scalar"", ""qos"": 1, ""name"": ""Laundry"", ""value_template"": ""{{value_json.value}}"", ""state_topic"": ""haas/sensor/state/sensor/anode/health_Dindex__indoor__laundry-point_scalar_second_50/state"", ""device"": {""identifiers"": [""Health Index"", ""Laundry"", ""Health Index""]}, ""unique_id"": ""health_Dindex__indoor__laundry-point_scalar_second_50""}"
health_Dindex__indoor__parents-point_scalar_second_50,Parents,Health Index,Parents,Health Index,haas/sensor/config/sensor/anode/health_Dindex__indoor__parents-point_scalar_second_50/config,"{""unit_of_measurement"": ""scalar"", ""qos"": 1, ""name"": ""Parents"", ""value_template"": ""{{value_json.value}}"", ""state_topic"": ""haas/sensor/state/sensor/anode/health_Dindex__indoor__parents-point_scalar_second_50/state"", ""device"": {""identifiers"": [""Health Index"", ""Parents"", ""Health Index""]}, ""unique_id"": ""health_Dindex__indoor__parents-point_scalar_second_50""}"
heatindex__outdoor__roof-point_scalar_second_2,Roof,Heatindex,Roof,Heatindex,haas/sensor/config/sensor/anode/heatindex__outdoor__roof-point_scalar_second_2/config,"{""unit_of_measurement"": ""scalar"", ""qos"": 1, ""name"": ""Roof"", ""value_template"": ""{{value_json.value}}"", ""state_topic"": ""haas/sensor/state/sensor/anode/heatindex__outdoor__roof-point_scalar_second_2/state"", ""device"": {""identifiers"": [""Heatindex"", ""Roof"", ""Heatindex""]}, ""unique_id"": ""heatindex__outdoor__roof-point_scalar_second_2""}"
humidity__indoor__ada-point__P25_second_50,Ada,Humidity,Ada,Humidity,haas/sensor/config/sensor/anode/humidity__indoor__ada-point__P25_second_50/config,"{""unit_of_measurement"": ""%"", ""qos"": 1, ""name"": ""Ada"", ""value_template"": ""{{value_json.value}}"", ""state_topic"": ""haas/sensor/state/sensor/anode/humidity__indoor__ada-point__P25_second_50/state"", ""device"": {""identifiers"": [""Humidity"", ""Ada"", ""Humidity""]}, ""unique_id"": ""humidity__indoor__ada-point__P25_second_50""}"
humidity__indoor__dining-point__P25_second_50,Dining,Humidity,Dining,Humidity,haas/sensor/config/sensor/anode/humidity__indoor__dining-point__P25_second_50/config,"{""unit_of_measurement"": ""%"", ""qos"": 1, ""name"": ""Dining"", ""value_template"": ""{{value_json.value}}"", ""state_topic"": ""haas/sensor/state/sensor/anode/humidity__indoor__dining-point__P25_second_50/state"", ""device"": {""identifiers"": [""Humidity"", ""Dining"", ""Humidity""]}, ""unique_id"": ""humidity__indoor__dining-point__P25_second_50""}"
humidity__indoor__edwin-point__P25_second_50,Edwin,Humidity,Edwin,Humidity,haas/sensor/config/sensor/anode/humidity__indoor__edwin-point__P25_second_50/config,"{""unit_of_measurement"": ""%"", ""qos"": 1, ""name"": ""Edwin"", ""value_template"": ""{{value_json.value}}"", ""state_topic"": ""haas/sensor/state/sensor/anode/humidity__indoor__edwin-point__P25_second_50/state"", ""device"": {""identifiers"": [""Humidity"", ""Edwin"", ""Humidity""]}, ""unique_id"": ""humidity__indoor__edwin-point__P25_second_50""}"
humidity__indoor__kitchen-point__P25_second_50,Kitchen,Humidity,Kitchen,Humidity,haas/sensor/config/sensor/anode/humidity__indoor__kitchen-point__P25_second_50/config,"{""unit_of_measurement"": ""%"", ""qos"": 1, ""name"": ""Kitchen"", ""value_template"": ""{{value_json.value}}"", ""state_topic"": ""haas/sensor/state/sensor/anode/humidity__indoor__kitchen-point__P25_second_50/state"", ""device"": {""identifiers"": [""Humidity"", ""Kitchen"", ""Humidity""]}, ""unique_id"": ""humidity__indoor__kitchen-point__P25_second_50""}"
humidity__indoor__laundry-point__P25_second_50,Laundry,Humidity,Laundry,Humidity,haas/sensor/config/sensor/anode/humidity__indoor__laundry-point__P25_second_50/config,"{""unit_of_measurement"": ""%"", ""qos"": 1, ""name"": ""Laundry"", ""value_template"": ""{{value_json.value}}"", ""state_topic"": ""haas/sensor/state/sensor/anode/humidity__indoor__laundry-point__P25_second_50/state"", ""device"": {""identifiers"": [""Humidity"", ""Laundry"", ""Humidity""]}, ""unique_id"": ""humidity__indoor__laundry-point__P25_second_50""}"
humidity__indoor__lounge-point__P25_second_50,Lounge,Humidity,Lounge,Humidity,haas/sensor/config/sensor/anode/humidity__indoor__lounge-point__P25_second_50/config,"{""unit_of_measurement"": ""%"", ""qos"": 1, ""name"": ""Lounge"", ""value_template"": ""{{value_json.value}}"", ""state_topic"": ""haas/sensor/state/sensor/anode/humidity__indoor__lounge-point__P25_second_50/state"", ""device"": {""identifiers"": [""Humidity"", ""Lounge"", ""Humidity""]}, ""unique_id"": ""humidity__indoor__lounge-point__P25_second_50""}"
humidity__indoor__office-point__P25_second_50,Office,Humidity,Office,Humidity,haas/sensor/config/sensor/anode/humidity__indoor__office-point__P25_second_50/config,"{""unit_of_measurement"": ""%"", ""qos"": 1, ""name"": ""Office"", ""value_template"": ""{{value_json.value}}"", ""state_topic"": ""haas/sensor/state/sensor/anode/humidity__indoor__office-point__P25_second_50/state"", ""device"": {""identifiers"": [""Humidity"", ""Office"", ""Humidity""]}, ""unique_id"": ""humidity__indoor__office-point__P25_second_50""}"
humidity__indoor__pantry-point__P25_second_50,Pantry,Humidity,Pantry,Humidity,haas/sensor/config/sensor/anode/humidity__indoor__pantry-point__P25_second_50/config,"{""unit_of_measurement"": ""%"", ""qos"": 1, ""name"": ""Pantry"", ""value_template"": ""{{value_json.value}}"", ""state_topic"": ""haas/sensor/state/sensor/anode/humidity__indoor__pantry-point__P25_second_50/state"", ""device"": {""identifiers"": [""Humidity"", ""Pantry"", ""Humidity""]}, ""unique_id"": ""humidity__indoor__pantry-point__P25_second_50""}"
humidity__indoor__parents-point__P25_second_50,Parents,Humidity,Parents,Humidity,haas/sensor/config/sensor/anode/humidity__indoor__parents-point__P25_second_50/config,"{""unit_of_measurement"": ""%"", ""qos"": 1, ""name"": ""Parents"", ""value_template"": ""{{value_json.value}}"", ""state_topic"": ""haas/sensor/state/sensor/anode/humidity__indoor__parents-point__P25_second_50/state"", ""device"": {""identifiers"": [""Humidity"", ""Parents"", ""Humidity""]}, ""unique_id"": ""humidity__indoor__parents-point__P25_second_50""}"
humidity__indoor__shed-point__P25_second_2,Shed,Humidity,Shed,Humidity,haas/sensor/config/sensor/anode/humidity__indoor__shed-point__P25_second_2/config,"{""unit_of_measurement"": ""%"", ""qos"": 1, ""name"": ""Shed"", ""value_template"": ""{{value_json.value}}"", ""state_topic"": ""haas/sensor/state/sensor/anode/humidity__indoor__shed-point__P25_second_2/state"", ""device"": {""identifiers"": [""Humidity"", ""Shed"", ""Humidity""]}, ""unique_id"": ""humidity__indoor__shed-point__P25_second_2""}"
humidity__outdoor__basement-point__P25_second_50,Basement,Humidity,Basement,Humidity,haas/sensor/config/sensor/anode/humidity__outdoor__basement-point__P25_second_50/config,"{""unit_of_measurement"": ""%"", ""qos"": 1, ""name"": ""Basement"", ""value_template"": ""{{value_json.value}}"", ""state_topic"": ""haas/sensor/state/sensor/anode/humidity__outdoor__basement-point__P25_second_50/state"", ""device"": {""identifiers"": [""Humidity"", ""Basement"", ""Humidity""]}, ""unique_id"": ""humidity__outdoor__basement-point__P25_second_50""}"
humidity__outdoor__deck-point__P25_second_50,Deck,Humidity,Deck,Humidity,haas/sensor/config/sensor/anode/humidity__outdoor__deck-point__P25_second_50/config,"{""unit_of_measurement"": ""%"", ""qos"": 1, ""name"": ""Deck"", ""value_template"": ""{{value_json.value}}"", ""state_topic"": ""haas/sensor/state/sensor/anode/humidity__outdoor__deck-point__P25_second_50/state"", ""device"": {""identifiers"": [""Humidity"", ""Deck"", ""Humidity""]}, ""unique_id"": ""humidity__outdoor__deck-point__P25_second_50""}"
humidity__outdoor__roof-point__P25_second_2,Roof,Humidity,Roof,Humidity,haas/sensor/config/sensor/anode/humidity__outdoor__roof-point__P25_second_2/config,"{""unit_of_measurement"": ""%"", ""qos"": 1, ""name"": ""Roof"", ""value_template"": ""{{value_json.value}}"", ""state_topic"": ""haas/sensor/state/sensor/anode/humidity__outdoor__roof-point__P25_second_2/state"", ""device"": {""identifiers"": [""Humidity"", ""Roof"", ""Humidity""]}, ""unique_id"": ""humidity__outdoor__roof-point__P25_second_2""}"
noise__indoor__ada-point_dB_second_50,Ada,Noise,Ada,Noise,haas/sensor/config/sensor/anode/noise__indoor__ada-point_dB_second_50/config,"{""unit_of_measurement"": ""dB"", ""qos"": 1, ""name"": ""Ada"", ""value_template"": ""{{value_json.value}}"", ""state_topic"": ""haas/sensor/state/sensor/anode/noise__indoor__ada-point_dB_second_50/state"", ""device"": {""identifiers"": [""Noise"", ""Ada"", ""Noise""]}, ""unique_id"": ""noise__indoor__ada-point_dB_second_50""}"
noise__indoor__edwin-point_dB_second_50,Edwin,Noise,Edwin,Noise,haas/sensor/config/sensor/anode/noise__indoor__edwin-point_dB_second_50/config,"{""unit_of_measurement"": ""dB"", ""qos"": 1, ""name"": ""Edwin"", ""value_template"": ""{{value_json.value}}"", ""state_topic"": ""haas/sensor/state/sensor/anode/noise__indoor__edwin-point_dB_second_50/state"", ""device"": {""identifiers"": [""Noise"", ""Edwin"", ""Noise""]}, ""unique_id"": ""noise__indoor__edwin-point_dB_second_50""}"
noise__indoor__kitchen-point_dB_second_50,Kitchen,Noise,Kitchen,Noise,haas/sensor/config/sensor/anode/noise__indoor__kitchen-point_dB_second_50/config,"{""unit_of_measurement"": ""dB"", ""qos"": 1, ""name"": ""Kitchen"", ""value_template"": ""{{value_json.value}}"", ""state_topic"": ""haas/sensor/state/sensor/anode/noise__indoor__kitchen-point_dB_second_50/state"", ""device"": {""identifiers"": [""Noise"", ""Kitchen"", ""Noise""]}, ""unique_id"": ""noise__indoor__kitchen-point_dB_second_50""}"
noise__indoor__laundry-point_dB_second_50,Laundry,Noise,Laundry,Noise,haas/sensor/config/sensor/anode/noise__indoor__laundry-point_dB_second_50/config,"{""unit_of_measurement"": ""dB"", ""qos"": 1, ""name"": ""Laundry"", ""value_template"": ""{{value_json.value}}"", ""state_topic"": ""haas/sensor/state/sensor/anode/noise__indoor__laundry-point_dB_second_50/state"", ""device"": {""identifiers"": [""Noise"", ""Laundry"", ""Noise""]}, ""unique_id"": ""noise__indoor__laundry-point_dB_second_50""}"
noise__indoor__office-point_dB_second_50,Office,Noise,Office,Noise,haas/sensor/config/sensor/anode/noise__indoor__office-point_dB_second_50/config,"{""unit_of_measurement"": ""dB"", ""qos"": 1, ""name"": ""Office"", ""value_template"": ""{{value_json.value}}"", ""state_topic"": ""haas/sensor/state/sensor/anode/noise__indoor__office-point_dB_second_50/state"", ""device"": {""identifiers"": [""Noise"", ""Office"", ""Noise""]}, ""unique_id"": ""noise__indoor__office-point_dB_second_50""}"
noise__indoor__parents-point_dB_second_50,Parents,Noise,Parents,Noise,haas/sensor/config/sensor/anode/noise__indoor__parents-point_dB_second_50/config,"{""unit_of_measurement"": ""dB"", ""qos"": 1, ""name"": ""Parents"", ""value_template"": ""{{value_json.value}}"", ""state_topic"": ""haas/sensor/state/sensor/anode/noise__indoor__parents-point_dB_second_50/state"", ""device"": {""identifiers"": [""Noise"", ""Parents"", ""Noise""]}, ""unique_id"": ""noise__indoor__parents-point_dB_second_50""}"
ping__internet__london-point_ms_minute_5,London,Ping,Home,Ping,haas/sensor/config/sensor/anode/ping__internet__london-point_ms_minute_5/config,"{""unit_of_measurement"": ""ms"", ""qos"": 1, ""name"": ""London"", ""value_template"": ""{{value_json.value}}"", ""state_topic"": ""haas/sensor/state/sensor/anode/ping__internet__london-point_ms_minute_5/state"", ""device"": {""identifiers"": [""Ping"", ""Home"", ""Ping""]}, ""unique_id"": ""ping__internet__london-point_ms_minute_5""}"
ping__internet__new_Dyork_Dcity-point_ms_minute_5,New York City,Ping,Home,Ping,haas/sensor/config/sensor/anode/ping__internet__new_Dyork_Dcity-point_ms_minute_5/config,"{""unit_of_measurement"": ""ms"", ""qos"": 1, ""name"": ""New York City"", ""value_template"": ""{{value_json.value}}"", ""state_topic"": ""haas/sensor/state/sensor/anode/ping__internet__new_Dyork_Dcity-point_ms_minute_5/state"", ""device"": {""identifiers"": [""Ping"", ""Home"", ""Ping""]}, ""unique_id"": ""ping__internet__new_Dyork_Dcity-point_ms_minute_5""}"
ping__internet__perth-point_ms_minute_5,Perth,Ping,Home,Ping,haas/sensor/config/sensor/anode/ping__internet__perth-point_ms_minute_5/config,"{""unit_of_measurement"": ""ms"", ""qos"": 1, ""name"": ""Perth"", ""value_template"": ""{{value_json.value}}"", ""state_topic"": ""haas/sensor/state/sensor/anode/ping__internet__perth-point_ms_minute_5/state"", ""device"": {""identifiers"": [""Ping"", ""Home"", ""Ping""]}, ""unique_id"": ""ping__internet__perth-point_ms_minute_5""}"
power__consumption__adhoc-point_W_second_1,Adhoc,Power,Home,Power,haas/sensor/config/sensor/anode/power__consumption__adhoc-point_W_second_1/config,"{""unit_of_measurement"": ""W"", ""qos"": 1, ""name"": ""Adhoc"", ""value_template"": ""{{value_json.value}}"", ""state_topic"": ""haas/sensor/state/sensor/anode/power__consumption__adhoc-point_W_second_1/state"", ""device"": {""identifiers"": [""Power"", ""Home"", ""Power""]}, ""unique_id"": ""power__consumption__adhoc-point_W_second_1""}"
power__consumption__bathroom_Dlights-point_W_second_1,Bathroom Lights,Power,Home,Power,haas/sensor/config/sensor/anode/power__consumption__bathroom_Dlights-point_W_second_1/config,"{""unit_of_measurement"": ""W"", ""qos"": 1, ""name"": ""Bathroom Lights"", ""value_template"": ""{{value_json.value}}"", ""state_topic"": ""haas/sensor/state/sensor/anode/power__consumption__bathroom_Dlights-point_W_second_1/state"", ""device"": {""identifiers"": [""Power"", ""Home"", ""Power""]}, ""unique_id"": ""power__consumption__bathroom_Dlights-point_W_second_1""}"
power__consumption__booster-point_W_second_1,Booster,Power,Home,Power,haas/sensor/config/sensor/anode/power__consumption__booster-point_W_second_1/config,"{""unit_of_measurement"": ""W"", ""qos"": 1, ""name"": ""Booster"", ""value_template"": ""{{value_json.value}}"", ""state_topic"": ""haas/sensor/state/sensor/anode/power__consumption__booster-point_W_second_1/state"", ""device"": {""identifiers"": [""Power"", ""Home"", ""Power""]}, ""unique_id"": ""power__consumption__booster-point_W_second_1""}"
power__consumption__dining_Dlights-point_W_second_1,Dining Lights,Power,Dining,Power,haas/sensor/config/sensor/anode/power__consumption__dining_Dlights-point_W_second_1/config,"{""unit_of_measurement"": ""W"", ""qos"": 1, ""name"": ""Dining Lights"", ""value_template"": ""{{value_json.value}}"", ""state_topic"": ""haas/sensor/state/sensor/anode/power__consumption__dining_Dlights-point_W_second_1/state"", ""device"": {""identifiers"": [""Power"", ""Dining"", ""Power""]}, ""unique_id"": ""power__consumption__dining_Dlights-point_W_second_1""}"
power__consumption__ensuite_Dlights-point_W_second_1,Ensuite Lights,Power,Home,Power,haas/sensor/config/sensor/anode/power__consumption__ensuite_Dlights-point_W_second_1/config,"{""unit_of_measurement"": ""W"", ""qos"": 1, ""name"": ""Ensuite Lights"", ""value_template"": ""{{value_json.value}}"", ""state_topic"": ""haas/sensor/state/sensor/anode/power__consumption__ensuite_Dlights-point_W_second_1/state"", ""device"": {""identifiers"": [""Power"", ""Home"", ""Power""]}, ""unique_id"": ""power__consumption__ensuite_Dlights-point_W_second_1""}"
power__consumption__fan-point_W_second_1,Fan,Power,Home,Power,haas/sensor/config/sensor/anode/power__consumption__fan-point_W_second_1/config,"{""unit_of_measurement"": ""W"", ""qos"": 1, ""name"": ""Fan"", ""value_template"": ""{{value_json.value}}"", ""state_topic"": ""haas/sensor/state/sensor/anode/power__consumption__fan-point_W_second_1/state"", ""device"": {""identifiers"": [""Power"", ""Home"", ""Power""]}, ""unique_id"": ""power__consumption__fan-point_W_second_1""}"
power__consumption__filter-point_W_second_1,Filter,Power,Home,Power,haas/sensor/config/sensor/anode/power__consumption__filter-point_W_second_1/config,"{""unit_of_measurement"": ""W"", ""qos"": 1, ""name"": ""Filter"", ""value_template"": ""{{value_json.value}}"", ""state_topic"": ""haas/sensor/state/sensor/anode/power__consumption__filter-point_W_second_1/state"", ""device"": {""identifiers"": [""Power"", ""Home"", ""Power""]}, ""unique_id"": ""power__consumption__filter-point_W_second_1""}"
power__consumption__freezer-point_W_second_1,Freezer,Power,Home,Power,haas/sensor/config/sensor/anode/power__consumption__freezer-point_W_second_1/config,"{""unit_of_measurement"": ""W"", ""qos"": 1, ""name"": ""Freezer"", ""value_template"": ""{{value_json.value}}"", ""state_topic"": ""haas/sensor/state/sensor/anode/power__consumption__freezer-point_W_second_1/state"", ""device"": {""identifiers"": [""Power"", ""Home"", ""Power""]}, ""unique_id"": ""power__consumption__freezer-point_W_second_1""}"
power__consumption__hallway_Dlights-point_W_second_1,Hallway Lights,Power,Home,Power,haas/sensor/config/sensor/anode/power__consumption__hallway_Dlights-point_W_second_1/config,"{""unit_of_measurement"": ""W"", ""qos"": 1, ""name"": ""Hallway Lights"", ""value_template"": ""{{value_json.value}}"", ""state_topic"": ""haas/sensor/state/sensor/anode/power__consumption__hallway_Dlights-point_W_second_1/state"", ""device"": {""identifiers"": [""Power"", ""Home"", ""Power""]}, ""unique_id"": ""power__consumption__hallway_Dlights-point_W_second_1""}"
power__consumption__kitchen_Dlights-point_W_second_1,Kitchen Lights,Power,Kitchen,Power,haas/sensor/config/sensor/anode/power__consumption__kitchen_Dlights-point_W_second_1/config,"{""unit_of_measurement"": ""W"", ""qos"": 1, ""name"": ""Kitchen Lights"", ""value_template"": ""{{value_json.value}}"", ""state_topic"": ""haas/sensor/state/sensor/anode/power__consumption__kitchen_Dlights-point_W_second_1/state"", ""device"": {""identifiers"": [""Power"", ""Kitchen"", ""Power""]}, ""unique_id"": ""power__consumption__kitchen_Dlights-point_W_second_1""}"
power__consumption__lamp_Dlights-point_W_second_1,Lamp Lights,Power,Home,Power,haas/sensor/config/sensor/anode/power__consumption__lamp_Dlights-point_W_second_1/config,"{""unit_of_measurement"": ""W"", ""qos"": 1, ""name"": ""Lamp Lights"", ""value_template"": ""{{value_json.value}}"", ""state_topic"": ""haas/sensor/state/sensor/anode/power__consumption__lamp_Dlights-point_W_second_1/state"", ""device"": {""identifiers"": [""Power"", ""Home"", ""Power""]}, ""unique_id"": ""power__consumption__lamp_Dlights-point_W_second_1""}"
power__consumption__laundry_Dlights-point_W_second_1,Laundry Lights,Power,Laundry,Power,haas/sensor/config/sensor/anode/power__consumption__laundry_Dlights-point_W_second_1/config,"{""unit_of_measurement"": ""W"", ""qos"": 1, ""name"": ""Laundry Lights"", ""value_template"": ""{{value_json.value}}"", ""state_topic"": ""haas/sensor/state/sensor/anode/power__consumption__laundry_Dlights-point_W_second_1/state"", ""device"": {""identifiers"": [""Power"", ""Laundry"", ""Power""]}, ""unique_id"": ""power__consumption__laundry_Dlights-point_W_second_1""}"
power__consumption__lounge_Dlights-point_W_second_1,Lounge Lights,Power,Lounge,Power,haas/sensor/config/sensor/anode/power__consumption__lounge_Dlights-point_W_second_1/config,"{""unit_of_measurement"": ""W"", ""qos"": 1, ""name"": ""Lounge Lights"", ""value_template"": ""{{value_json.value}}"", ""state_topic"": ""haas/sensor/state/sensor/anode/power__consumption__lounge_Dlights-point_W_second_1/state"", ""device"": {""identifiers"": [""Power"", ""Lounge"", ""Power""]}, ""unique_id"": ""power__consumption__lounge_Dlights-point_W_second_1""}"
power__consumption__office_Dlights-point_W_second_1,Office Lights,Power,Office,Power,haas/sensor/config/sensor/anode/power__consumption__office_Dlights-point_W_second_1/config,"{""unit_of_measurement"": ""W"", ""qos"": 1, ""name"": ""Office Lights"", ""value_template"": ""{{value_json.value}}"", ""state_topic"": ""haas/sensor/state/sensor/anode/power__consumption__office_Dlights-point_W_second_1/state"", ""device"": {""identifiers"": [""Power"", ""Office"", ""Power""]}, ""unique_id"": ""power__consumption__office_Dlights-point_W_second_1""}"
power__consumption__pantry_Dlights-point_W_second_1,Pantry Lights,Power,Pantry,Power,haas/sensor/config/sensor/anode/power__consumption__pantry_Dlights-point_W_second_1/config,"{""unit_of_measurement"": ""W"", ""qos"": 1, ""name"": ""Pantry Lights"", ""value_template"": ""{{value_json.value}}"", ""state_topic"": ""haas/sensor/state/sensor/anode/power__consumption__pantry_Dlights-point_W_second_1/state"", ""device"": {""identifiers"": [""Power"", ""Pantry"", ""Power""]}, ""unique_id"": ""power__consumption__pantry_Dlights-point_W_second_1""}"
power__consumption__parents_Dlights-point_W_second_1,Parents Lights,Power,Parents,Power,haas/sensor/config/sensor/anode/power__consumption__parents_Dlights-point_W_second_1/config,"{""unit_of_measurement"": ""W"", ""qos"": 1, ""name"": ""Parents Lights"", ""value_template"": ""{{value_json.value}}"", ""state_topic"": ""haas/sensor/state/sensor/anode/power__consumption__parents_Dlights-point_W_second_1/state"", ""device"": {""identifiers"": [""Power"", ""Parents"", ""Power""]}, ""unique_id"": ""power__consumption__parents_Dlights-point_W_second_1""}"
power__consumption__servers-point_W_second_1,Servers,Power,Home,Power,haas/sensor/config/sensor/anode/power__consumption__servers-point_W_second_1/config,"{""unit_of_measurement"": ""W"", ""qos"": 1, ""name"": ""Servers"", ""value_template"": ""{{value_json.value}}"", ""state_topic"": ""haas/sensor/state/sensor/anode/power__consumption__servers-point_W_second_1/state"", ""device"": {""identifiers"": [""Power"", ""Home"", ""Power""]}, ""unique_id"": ""power__consumption__servers-point_W_second_1""}"
power__consumption__wardrobe_Dlights-point_W_second_1,Wardrobe Lights,Power,Home,Power,haas/sensor/config/sensor/anode/power__consumption__wardrobe_Dlights-point_W_second_1/config,"{""unit_of_measurement"": ""W"", ""qos"": 1, ""name"": ""Wardrobe Lights"", ""value_template"": ""{{value_json.value}}"", ""state_topic"": ""haas/sensor/state/sensor/anode/power__consumption__wardrobe_Dlights-point_W_second_1/state"", ""device"": {""identifiers"": [""Power"", ""Home"", ""Power""]}, ""unique_id"": ""power__consumption__wardrobe_Dlights-point_W_second_1""}"
pressure_Dabsolute__indoor__ada-point_mbar_second_50,Ada,Pressure Absolute,Ada,Pressure Absolute,haas/sensor/config/sensor/anode/pressure_Dabsolute__indoor__ada-point_mbar_second_50/config,"{""unit_of_measurement"": ""mbar"", ""qos"": 1, ""name"": ""Ada"", ""value_template"": ""{{value_json.value}}"", ""state_topic"": ""haas/sensor/state/sensor/anode/pressure_Dabsolute__indoor__ada-point_mbar_second_50/state"", ""device"": {""identifiers"": [""Pressure Absolute"", ""Ada"", ""Pressure Absolute""]}, ""unique_id"": ""pressure_Dabsolute__indoor__ada-point_mbar_second_50""}"
pressure_Dabsolute__indoor__edwin-point_mbar_second_50,Edwin,Pressure Absolute,Edwin,Pressure Absolute,haas/sensor/config/sensor/anode/pressure_Dabsolute__indoor__edwin-point_mbar_second_50/config,"{""unit_of_measurement"": ""mbar"", ""qos"": 1, ""name"": ""Edwin"", ""value_template"": ""{{value_json.value}}"", ""state_topic"": ""haas/sensor/state/sensor/anode/pressure_Dabsolute__indoor__edwin-point_mbar_second_50/state"", ""device"": {""identifiers"": [""Pressure Absolute"", ""Edwin"", ""Pressure Absolute""]}, ""unique_id"": ""pressure_Dabsolute__indoor__edwin-point_mbar_second_50""}"
pressure_Dabsolute__indoor__kitchen-point_mbar_second_50,Kitchen,Pressure Absolute,Kitchen,Pressure Absolute,haas/sensor/config/sensor/anode/pressure_Dabsolute__indoor__kitchen-point_mbar_second_50/config,"{""unit_of_measurement"": ""mbar"", ""qos"": 1, ""name"": ""Kitchen"", ""value_template"": ""{{value_json.value}}"", ""state_topic"": ""haas/sensor/state/sensor/anode/pressure_Dabsolute__indoor__kitchen-point_mbar_second_50/state"", ""device"": {""identifiers"": [""Pressure Absolute"", ""Kitchen"", ""Pressure Absolute""]}, ""unique_id"": ""pressure_Dabsolute__indoor__kitchen-point_mbar_second_50""}"
pressure_Dabsolute__indoor__laundry-point_mbar_second_50,Laundry,Pressure Absolute,Laundry,Pressure Absolute,haas/sensor/config/sensor/anode/pressure_Dabsolute__indoor__laundry-point_mbar_second_50/config,"{""unit_of_measurement"": ""mbar"", ""qos"": 1, ""name"": ""Laundry"", ""value_template"": ""{{value_json.value}}"", ""state_topic"": ""haas/sensor/state/sensor/anode/pressure_Dabsolute__indoor__laundry-point_mbar_second_50/state"", ""device"": {""identifiers"": [""Pressure Absolute"", ""Laundry"", ""Pressure Absolute""]}, ""unique_id"": ""pressure_Dabsolute__indoor__laundry-point_mbar_second_50""}"
pressure_Dabsolute__indoor__office-point_mbar_second_50,Office,Pressure Absolute,Office,Pressure Absolute,haas/sensor/config/sensor/anode/pressure_Dabsolute__indoor__office-point_mbar_second_50/config,"{""unit_of_measurement"": ""mbar"", ""qos"": 1, ""name"": ""Office"", ""value_template"": ""{{value_json.value}}"", ""state_topic"": ""haas/sensor/state/sensor/anode/pressure_Dabsolute__indoor__office-point_mbar_second_50/state"", ""device"": {""identifiers"": [""Pressure Absolute"", ""Office"", ""Pressure Absolute""]}, ""unique_id"": ""pressure_Dabsolute__indoor__office-point_mbar_second_50""}"
pressure_Dabsolute__indoor__parents-point_mbar_second_50,Parents,Pressure Absolute,Parents,Pressure Absolute,haas/sensor/config/sensor/anode/pressure_Dabsolute__indoor__parents-point_mbar_second_50/config,"{""unit_of_measurement"": ""mbar"", ""qos"": 1, ""name"": ""Parents"", ""value_template"": ""{{value_json.value}}"", ""state_topic"": ""haas/sensor/state/sensor/anode/pressure_Dabsolute__indoor__parents-point_mbar_second_50/state"", ""device"": {""identifiers"": [""Pressure Absolute"", ""Parents"", ""Pressure Absolute""]}, ""unique_id"": ""pressure_Dabsolute__indoor__parents-point_mbar_second_50""}"
pressure__indoor__ada-point_mbar_second_50,Ada,Pressure,Ada,Pressure,haas/sensor/config/sensor/anode/pressure__indoor__ada-point_mbar_second_50/config,"{""unit_of_measurement"": ""mbar"", ""qos"": 1, ""name"": ""Ada"", ""value_template"": ""{{value_json.value}}"", ""state_topic"": ""haas/sensor/state/sensor/anode/pressure__indoor__ada-point_mbar_second_50/state"", ""device"": {""identifiers"": [""Pressure"", ""Ada"", ""Pressure""]}, ""unique_id"": ""pressure__indoor__ada-point_mbar_second_50""}"
pressure__indoor__edwin-point_mbar_second_50,Edwin,Pressure,Edwin,Pressure,haas/sensor/config/sensor/anode/pressure__indoor__edwin-point_mbar_second_50/config,"{""unit_of_measurement"": ""mbar"", ""qos"": 1, ""name"": ""Edwin"", ""value_template"": ""{{value_json.value}}"", ""state_topic"": ""haas/sensor/state/sensor/anode/pressure__indoor__edwin-point_mbar_second_50/state"", ""device"": {""identifiers"": [""Pressure"", ""Edwin"", ""Pressure""]}, ""unique_id"": ""pressure__indoor__edwin-point_mbar_second_50""}"
pressure__indoor__kitchen-point_mbar_second_50,Kitchen,Pressure,Kitchen,Pressure,haas/sensor/config/sensor/anode/pressure__indoor__kitchen-point_mbar_second_50/config,"{""unit_of_measurement"": ""mbar"", ""qos"": 1, ""name"": ""Kitchen"", ""value_template"": ""{{value_json.value}}"", ""state_topic"": ""haas/sensor/state/sensor/anode/pressure__indoor__kitchen-point_mbar_second_50/state"", ""device"": {""identifiers"": [""Pressure"", ""Kitchen"", ""Pressure""]}, ""unique_id"": ""pressure__indoor__kitchen-point_mbar_second_50""}"
pressure__indoor__laundry-point_mbar_second_50,Laundry,Pressure,Laundry,Pressure,haas/sensor/config/sensor/anode/pressure__indoor__laundry-point_mbar_second_50/config,"{""unit_of_measurement"": ""mbar"", ""qos"": 1, ""name"": ""Laundry"", ""value_template"": ""{{value_json.value}}"", ""state_topic"": ""haas/sensor/state/sensor/anode/pressure__indoor__laundry-point_mbar_second_50/state"", ""device"": {""identifiers"": [""Pressure"", ""Laundry"", ""Pressure""]}, ""unique_id"": ""pressure__indoor__laundry-point_mbar_second_50""}"
pressure__indoor__office-point_mbar_second_50,Office,Pressure,Office,Pressure,haas/sensor/config/sensor/anode/pressure__indoor__office-point_mbar_second_50/config,"{""unit_of_measurement"": ""mbar"", ""qos"": 1, ""name"": ""Office"", ""value_template"": ""{{value_json.value}}"", ""state_topic"": ""haas/sensor/state/sensor/anode/pressure__indoor__office-point_mbar_second_50/state"", ""device"": {""identifiers"": [""Pressure"", ""Office"", ""Pressure""]}, ""unique_id"": ""pressure__indoor__office-point_mbar_second_50""}"
pressure__indoor__parents-point_mbar_second_50,Parents,Pressure,Parents,Pressure,haas/sensor/config/sensor/anode/pressure__indoor__parents-point_mbar_second_50/config,"{""unit_of_measurement"": ""mbar"", ""qos"": 1, ""name"": ""Parents"", ""value_template"": ""{{value_json.value}}"", ""state_topic"": ""haas/sensor/state/sensor/anode/pressure__indoor__parents-point_mbar_second_50/state"", ""device"": {""identifiers"": [""Pressure"", ""Parents"", ""Pressure""]}, ""unique_id"": ""pressure__indoor__parents-point_mbar_second_50""}"
pressure__outdoor__roof-point_mbar_second_2,Roof,Pressure,Roof,Pressure,haas/sensor/config/sensor/anode/pressure__outdoor__roof-point_mbar_second_2/config,"{""unit_of_measurement"": ""mbar"", ""qos"": 1, ""name"": ""Roof"", ""value_template"": ""{{value_json.value}}"", ""state_topic"": ""haas/sensor/state/sensor/anode/pressure__outdoor__roof-point_mbar_second_2/state"", ""device"": {""identifiers"": [""Pressure"", ""Roof"", ""Pressure""]}, ""unique_id"": ""pressure__outdoor__roof-point_mbar_second_2""}"
rain_Drate__outdoor__roof-mean_mm_P2Fh_minute_30,Roof,Rain Rate,Roof,Rain Rate,haas/sensor/config/sensor/anode/rain_Drate__outdoor__roof-mean_mm_P2Fh_minute_30/config,"{""unit_of_measurement"": ""mm/h"", ""qos"": 1, ""name"": ""Roof"", ""value_template"": ""{{value_json.value}}"", ""state_topic"": ""haas/sensor/state/sensor/anode/rain_Drate__outdoor__roof-mean_mm_P2Fh_minute_30/state"", ""device"": {""identifiers"": [""Rain Rate"", ""Roof"", ""Rain Rate""]}, ""unique_id"": ""rain_Drate__outdoor__roof-mean_mm_P2Fh_minute_30""}"
rain__outdoor__roof-integral_cm_month_1,Roof,Rain,Roof,Rain,haas/sensor/config/sensor/anode/rain__outdoor__roof-integral_cm_month_1/config,"{""unit_of_measurement"": ""cm"", ""qos"": 1, ""name"": ""Roof"", ""value_template"": ""{{value_json.value}}"", ""state_topic"": ""haas/sensor/state/sensor/anode/rain__outdoor__roof-integral_cm_month_1/state"", ""device"": {""identifiers"": [""Rain"", ""Roof"", ""Rain""]}, ""unique_id"": ""rain__outdoor__roof-integral_cm_month_1""}"
rain__outdoor__roof-integral_m_year_1,Roof,Rain,Roof,Rain,haas/sensor/config/sensor/anode/rain__outdoor__roof-integral_m_year_1/config,"{""unit_of_measurement"": ""m"", ""qos"": 1, ""name"": ""Roof"", ""value_template"": ""{{value_json.value}}"", ""state_topic"": ""haas/sensor/state/sensor/anode/rain__outdoor__roof-integral_m_year_1/state"", ""device"": {""identifiers"": [""Rain"", ""Roof"", ""Rain""]}, ""unique_id"": ""rain__outdoor__roof-integral_m_year_1""}"
rain__outdoor__roof-integral_mm_day_1,Roof,Rain,Roof,Rain,haas/sensor/config/sensor/anode/rain__outdoor__roof-integral_mm_day_1/config,"{""unit_of_measurement"": ""mm"", ""qos"": 1, ""name"": ""Roof"", ""value_template"": ""{{value_json.value}}"", ""state_topic"": ""haas/sensor/state/sensor/anode/rain__outdoor__roof-integral_mm_day_1/state"", ""device"": {""identifiers"": [""Rain"", ""Roof"", ""Rain""]}, ""unique_id"": ""rain__outdoor__roof-integral_mm_day_1""}"
rain__outdoor__roof-integral_mm_minute_30,Roof,Rain,Roof,Rain,haas/sensor/config/sensor/anode/rain__outdoor__roof-integral_mm_minute_30/config,"{""unit_of_measurement"": ""mm"", ""qos"": 1, ""name"": ""Roof"", ""value_template"": ""{{value_json.value}}"", ""state_topic"": ""haas/sensor/state/sensor/anode/rain__outdoor__roof-integral_mm_minute_30/state"", ""device"": {""identifiers"": [""Rain"", ""Roof"", ""Rain""]}, ""unique_id"": ""rain__outdoor__roof-integral_mm_minute_30""}"
sun__outdoor__altitude-point__PC2_PB0_second_2,Altitude,Sun,Home,Sun,haas/sensor/config/sensor/anode/sun__outdoor__altitude-point__PC2_PB0_second_2/config,"{""unit_of_measurement"": ""°"", ""qos"": 1, ""name"": ""Altitude"", ""value_template"": ""{{value_json.value}}"", ""state_topic"": ""haas/sensor/state/sensor/anode/sun__outdoor__altitude-point__PC2_PB0_second_2/state"", ""device"": {""identifiers"": [""Sun"", ""Home"", ""Sun""]}, ""unique_id"": ""sun__outdoor__altitude-point__PC2_PB0_second_2""}"
sun__outdoor__azimuth-point__PC2_PB0_second_2,Azimuth,Sun,Home,Sun,haas/sensor/config/sensor/anode/sun__outdoor__azimuth-point__PC2_PB0_second_2/config,"{""unit_of_measurement"": ""°"", ""qos"": 1, ""name"": ""Azimuth"", ""value_template"": ""{{value_json.value}}"", ""state_topic"": ""haas/sensor/state/sensor/anode/sun__outdoor__azimuth-point__PC2_PB0_second_2/state"", ""device"": {""identifiers"": [""Sun"", ""Home"", ""Sun""]}, ""unique_id"": ""sun__outdoor__azimuth-point__PC2_PB0_second_2""}"
sun__outdoor__rise-epoch_scalar_day_1,Rise,Sun,Home,Sun,haas/sensor/config/sensor/anode/sun__outdoor__rise-epoch_scalar_day_1/config,"{""unit_of_measurement"": ""scalar"", ""qos"": 1, ""name"": ""Rise"", ""value_template"": ""{{value_json.value}}"", ""state_topic"": ""haas/sensor/state/sensor/anode/sun__outdoor__rise-epoch_scalar_day_1/state"", ""device"": {""identifiers"": [""Sun"", ""Home"", ""Sun""]}, ""unique_id"": ""sun__outdoor__rise-epoch_scalar_day_1""}"
sun__outdoor__set-epoch_scalar_day_1,Set,Sun,Home,Sun,haas/sensor/config/sensor/anode/sun__outdoor__set-epoch_scalar_day_1/config,"{""unit_of_measurement"": ""scalar"", ""qos"": 1, ""name"": ""Set"", ""value_template"": ""{{value_json.value}}"", ""state_topic"": ""haas/sensor/state/sensor/anode/sun__outdoor__set-epoch_scalar_day_1/state"", ""device"": {""identifiers"": [""Sun"", ""Home"", ""Sun""]}, ""unique_id"": ""sun__outdoor__set-epoch_scalar_day_1""}"
temperature__indoor__ada-point__PC2_PB0C_second_50,Ada,Temperature,Ada,Temperature,haas/sensor/config/sensor/anode/temperature__indoor__ada-point__PC2_PB0C_second_50/config,"{""unit_of_measurement"": ""°C"", ""qos"": 1, ""name"": ""Ada"", ""value_template"": ""{{value_json.value}}"", ""state_topic"": ""haas/sensor/state/sensor/anode/temperature__indoor__ada-point__PC2_PB0C_second_50/state"", ""device"": {""identifiers"": [""Temperature"", ""Ada"", ""Temperature""]}, ""unique_id"": ""temperature__indoor__ada-point__PC2_PB0C_second_50""}"
temperature__indoor__dining-point__PC2_PB0C_second_50,Dining,Temperature,Dining,Temperature,haas/sensor/config/sensor/anode/temperature__indoor__dining-point__PC2_PB0C_second_50/config,"{""unit_of_measurement"": ""°C"", ""qos"": 1, ""name"": ""Dining"", ""value_template"": ""{{value_json.value}}"", ""state_topic"": ""haas/sensor/state/sensor/anode/temperature__indoor__dining-point__PC2_PB0C_second_50/state"", ""device"": {""identifiers"": [""Temperature"", ""Dining"", ""Temperature""]}, ""unique_id"": ""temperature__indoor__dining-point__PC2_PB0C_second_50""}"
temperature__indoor__edwin-point__PC2_PB0C_second_50,Edwin,Temperature,Edwin,Temperature,haas/sensor/config/sensor/anode/temperature__indoor__edwin-point__PC2_PB0C_second_50/config,"{""unit_of_measurement"": ""°C"", ""qos"": 1, ""name"": ""Edwin"", ""value_template"": ""{{value_json.value}}"", ""state_topic"": ""haas/sensor/state/sensor/anode/temperature__indoor__edwin-point__PC2_PB0C_second_50/state"", ""device"": {""identifiers"": [""Temperature"", ""Edwin"", ""Temperature""]}, ""unique_id"": ""temperature__indoor__edwin-point__PC2_PB0C_second_50""}"
temperature__indoor__kitchen-point__PC2_PB0C_second_50,Kitchen,Temperature,Kitchen,Temperature,haas/sensor/config/sensor/anode/temperature__indoor__kitchen-point__PC2_PB0C_second_50/config,"{""unit_of_measurement"": ""°C"", ""qos"": 1, ""name"": ""Kitchen"", ""value_template"": ""{{value_json.value}}"", ""state_topic"": ""haas/sensor/state/sensor/anode/temperature__indoor__kitchen-point__PC2_PB0C_second_50/state"", ""device"": {""identifiers"": [""Temperature"", ""Kitchen"", ""Temperature""]}, ""unique_id"": ""temperature__indoor__kitchen-point__PC2_PB0C_second_50""}"
temperature__indoor__laundry-point__PC2_PB0C_second_50,Laundry,Temperature,Laundry,Temperature,haas/sensor/config/sensor/anode/temperature__indoor__laundry-point__PC2_PB0C_second_50/config,"{""unit_of_measurement"": ""°C"", ""qos"": 1, ""name"": ""Laundry"", ""value_template"": ""{{value_json.value}}"", ""state_topic"": ""haas/sensor/state/sensor/anode/temperature__indoor__laundry-point__PC2_PB0C_second_50/state"", ""device"": {""identifiers"": [""Temperature"", ""Laundry"", ""Temperature""]}, ""unique_id"": ""temperature__indoor__laundry-point__PC2_PB0C_second_50""}"
temperature__indoor__lounge-point__PC2_PB0C_second_50,Lounge,Temperature,Lounge,Temperature,haas/sensor/config/sensor/anode/temperature__indoor__lounge-point__PC2_PB0C_second_50/config,"{""unit_of_measurement"": ""°C"", ""qos"": 1, ""name"": ""Lounge"", ""value_template"": ""{{value_json.value}}"", ""state_topic"": ""haas/sensor/state/sensor/anode/temperature__indoor__lounge-point__PC2_PB0C_second_50/state"", ""device"": {""identifiers"": [""Temperature"", ""Lounge"", ""Temperature""]}, ""unique_id"": ""temperature__indoor__lounge-point__PC2_PB0C_second_50""}"
temperature__indoor__office-point__PC2_PB0C_second_50,Office,Temperature,Office,Temperature,haas/sensor/config/sensor/anode/temperature__indoor__office-point__PC2_PB0C_second_50/config,"{""unit_of_measurement"": ""°C"", ""qos"": 1, ""name"": ""Office"", ""value_template"": ""{{value_json.value}}"", ""state_topic"": ""haas/sensor/state/sensor/anode/temperature__indoor__office-point__PC2_PB0C_second_50/state"", ""device"": {""identifiers"": [""Temperature"", ""Office"", ""Temperature""]}, ""unique_id"": ""temperature__indoor__office-point__PC2_PB0C_second_50""}"
temperature__indoor__pantry-point__PC2_PB0C_second_50,Pantry,Temperature,Pantry,Temperature,haas/sensor/config/sensor/anode/temperature__indoor__pantry-point__PC2_PB0C_second_50/config,"{""unit_of_measurement"": ""°C"", ""qos"": 1, ""name"": ""Pantry"", ""value_template"": ""{{value_json.value}}"", ""state_topic"": ""haas/sensor/state/sensor/anode/temperature__indoor__pantry-point__PC2_PB0C_second_50/state"", ""device"": {""identifiers"": [""Temperature"", ""Pantry"", ""Temperature""]}, ""unique_id"": ""temperature__indoor__pantry-point__PC2_PB0C_second_50""}"
temperature__indoor__parents-point__PC2_PB0C_second_50,Parents,Temperature,Parents,Temperature,haas/sensor/config/sensor/anode/temperature__indoor__parents-point__PC2_PB0C_second_50/config,"{""unit_of_measurement"": ""°C"", ""qos"": 1, ""name"": ""Parents"", ""value_template"": ""{{value_json.value}}"", ""state_topic"": ""haas/sensor/state/sensor/anode/temperature__indoor__parents-point__PC2_PB0C_second_50/state"", ""device"": {""identifiers"": [""Temperature"", ""Parents"", ""Temperature""]}, ""unique_id"": ""temperature__indoor__parents-point__PC2_PB0C_second_50""}"
temperature__indoor__shed-point__PC2_PB0C_second_2,Shed,Temperature,Shed,Temperature,haas/sensor/config/sensor/anode/temperature__indoor__shed-point__PC2_PB0C_second_2/config,"{""unit_of_measurement"": ""°C"", ""qos"": 1, ""name"": ""Shed"", ""value_template"": ""{{value_json.value}}"", ""state_topic"": ""haas/sensor/state/sensor/anode/temperature__indoor__shed-point__PC2_PB0C_second_2/state"", ""device"": {""identifiers"": [""Temperature"", ""Shed"", ""Temperature""]}, ""unique_id"": ""temperature__indoor__shed-point__PC2_PB0C_second_2""}"
temperature__outdoor__basement-point__PC2_PB0C_second_50,Basement,Temperature,Basement,Temperature,haas/sensor/config/sensor/anode/temperature__outdoor__basement-point__PC2_PB0C_second_50/config,"{""unit_of_measurement"": ""°C"", ""qos"": 1, ""name"": ""Basement"", ""value_template"": ""{{value_json.value}}"", ""state_topic"": ""haas/sensor/state/sensor/anode/temperature__outdoor__basement-point__PC2_PB0C_second_50/state"", ""device"": {""identifiers"": [""Temperature"", ""Basement"", ""Temperature""]}, ""unique_id"": ""temperature__outdoor__basement-point__PC2_PB0C_second_50""}"
temperature__outdoor__deck-point__PC2_PB0C_second_50,Deck,Temperature,Deck,Temperature,haas/sensor/config/sensor/anode/temperature__outdoor__deck-point__PC2_PB0C_second_50/config,"{""unit_of_measurement"": ""°C"", ""qos"": 1, ""name"": ""Deck"", ""value_template"": ""{{value_json.value}}"", ""state_topic"": ""haas/sensor/state/sensor/anode/temperature__outdoor__deck-point__PC2_PB0C_second_50/state"", ""device"": {""identifiers"": [""Temperature"", ""Deck"", ""Temperature""]}, ""unique_id"": ""temperature__outdoor__deck-point__PC2_PB0C_second_50""}"
temperature__outdoor__roof-point__PC2_PB0C_second_2,Roof,Temperature,Roof,Temperature,haas/sensor/config/sensor/anode/temperature__outdoor__roof-point__PC2_PB0C_second_2/config,"{""unit_of_measurement"": ""°C"", ""qos"": 1, ""name"": ""Roof"", ""value_template"": ""{{value_json.value}}"", ""state_topic"": ""haas/sensor/state/sensor/anode/temperature__outdoor__roof-point__PC2_PB0C_second_2/state"", ""device"": {""identifiers"": [""Temperature"", ""Roof"", ""Temperature""]}, ""unique_id"": ""temperature__outdoor__roof-point__PC2_PB0C_second_2""}"
upload__internet__london-point_KB_P2Fs_hour_4,London,Upload,Home,Upload,haas/sensor/config/sensor/anode/upload__internet__london-point_KB_P2Fs_hour_4/config,"{""unit_of_measurement"": ""KB/s"", ""qos"": 1, ""name"": ""London"", ""value_template"": ""{{value_json.value}}"", ""state_topic"": ""haas/sensor/state/sensor/anode/upload__internet__london-point_KB_P2Fs_hour_4/state"", ""device"": {""identifiers"": [""Upload"", ""Home"", ""Upload""]}, ""unique_id"": ""upload__internet__london-point_KB_P2Fs_hour_4""}"
upload__internet__new_Dyork_Dcity-point_KB_P2Fs_hour_4,New York City,Upload,Home,Upload,haas/sensor/config/sensor/anode/upload__internet__new_Dyork_Dcity-point_KB_P2Fs_hour_4/config,"{""unit_of_measurement"": ""KB/s"", ""qos"": 1, ""name"": ""New York City"", ""value_template"": ""{{value_json.value}}"", ""state_topic"": ""haas/sensor/state/sensor/anode/upload__internet__new_Dyork_Dcity-point_KB_P2Fs_hour_4/state"", ""device"": {""identifiers"": [""Upload"", ""Home"", ""Upload""]}, ""unique_id"": ""upload__internet__new_Dyork_Dcity-point_KB_P2Fs_hour_4""}"
upload__internet__perth-point_KB_P2Fs_hour_4,Perth,Upload,Home,Upload,haas/sensor/config/sensor/anode/upload__internet__perth-point_KB_P2Fs_hour_4/config,"{""unit_of_measurement"": ""KB/s"", ""qos"": 1, ""name"": ""Perth"", ""value_template"": ""{{value_json.value}}"", ""state_topic"": ""haas/sensor/state/sensor/anode/upload__internet__perth-point_KB_P2Fs_hour_4/state"", ""device"": {""identifiers"": [""Upload"", ""Home"", ""Upload""]}, ""unique_id"": ""upload__internet__perth-point_KB_P2Fs_hour_4""}"
wind_Dgust_Dbearing__outdoor__roof-point__PC2_PB0_second_2,Roof,Wind Gust Bearing,Roof,Wind Gust Bearing,haas/sensor/config/sensor/anode/wind_Dgust_Dbearing__outdoor__roof-point__PC2_PB0_second_2/config,"{""unit_of_measurement"": ""°"", ""qos"": 1, ""name"": ""Roof"", ""value_template"": ""{{value_json.value}}"", ""state_topic"": ""haas/sensor/state/sensor/anode/wind_Dgust_Dbearing__outdoor__roof-point__PC2_PB0_second_2/state"", ""device"": {""identifiers"": [""Wind Gust Bearing"", ""Roof"", ""Wind Gust Bearing""]}, ""unique_id"": ""wind_Dgust_Dbearing__outdoor__roof-point__PC2_PB0_second_2""}"
wind_Dgust__outdoor__roof-point_km_P2Fh_second_2,Roof,Wind Gust,Roof,Wind Gust,haas/sensor/config/sensor/anode/wind_Dgust__outdoor__roof-point_km_P2Fh_second_2/config,"{""unit_of_measurement"": ""km/h"", ""qos"": 1, ""name"": ""Roof"", ""value_template"": ""{{value_json.value}}"", ""state_topic"": ""haas/sensor/state/sensor/anode/wind_Dgust__outdoor__roof-point_km_P2Fh_second_2/state"", ""device"": {""identifiers"": [""Wind Gust"", ""Roof"", ""Wind Gust""]}, ""unique_id"": ""wind_Dgust__outdoor__roof-point_km_P2Fh_second_2""}"
